langer see,52.400747119279224,13.625819492700556,lake,312.7947,OSM waterbodies (Berlin),2025-11-12 10:22:47.569398,lake_name,source
neuer see,52.511382596608854,13.342409843277231,pond,4.669,OSM waterbodies (Berlin),2025-11-12 10:22:47.569398,Dämeritzsee,In-situ measurement
schafersee,52.56442907729419,13.360881486397284,lake,4.1906,OSM waterbodies (Berlin),2025-11-12 10:22:47.569398,Dämeritzsee,In-situ measurement
springpfuhl,52.529139119876554,13.540301000022128,lake,1.2979,OSM waterbodies (Berlin),2025-11-12 10:22:47.569398,Dämeritzsee,In-situ measurement
groß glienicker see,52.46537373970797,13.112259399844673,lake,63.9042,OSM waterbodies (Berlin),2025-11-12 10:22:47.569398,Dämeritzsee,In-situ measurement
havel,52.43629415166612,13.127598056517185,lake,337.741,OSM waterbodies (Berlin),2025-11-12 10:22:47.569398,Dämeritzsee,In-situ measurement
obersee,52.548601247220105,13.489121497880472,lake,3.733,OSM waterbodies (Berlin),2025-11-12 10:22:47.569398,Dämeritzsee,In-situ measurement
zeuthener see,52.35693290759696,13.641019635973793,lake,213.4706,OSM waterbodies (Berlin),2025-11-12 10:22:47.569398,Dämeritzsee,In-situ measurement
steinbergsee,52.597672433485215,13.308928578658268,lake,0.9645,OSM waterbodies (Berlin),2025-11-12 10:22:47.569398,Dämeritzsee,In-situ measurement
fauler see,52.51928350862598,13.212941487280196,lake,2.1215,OSM waterbodies (Berlin),2025-11-12 10:22:47.569398,Dämeritzsee,In-situ measurement
hauptsee,52.43427708454176,13.417134638368406,pond,5.2876,OSM waterbodies (Berlin),2025-11-12 10:22:47.569398,Dämeritzsee,In-situ measurement
mittelfeldbecken,52.602840458246995,13.35709969438216,pond,0.6502,OSM waterbodies (Berlin),2025-11-12 10:22:47.569398,Dämeritzsee,In-situ measurement
seggeluchbecken,52.60222959590978,13.348096120666227,pond,1.9456,OSM waterbodies (Berlin),2025-11-12 10:22:47.569398,Dämeritzsee,In-situ measurement
klotzbecken,52.61014370627981,13.345042799933086,pond,1.701,OSM waterbodies (Berlin),2025-11-12 10:22:47.569398,Dämeritzsee,In-situ measurement
tegeler see,52.5753345918419,13.253471701300288,lake,381.8448,OSM waterbodies (Berlin),2025-11-12 10:22:47.569398,Dämeritzsee,In-situ measurement
see im englischen garten,52.517047955344935,13.346793634071378,pond,0.2311,OSM waterbodies (Berlin),2025-11-12 10:22:47.569398,Dämeritzsee,In-situ measurement
halensee,52.494315626758585,13.280127116610116,lake,5.5806,OSM waterbodies (Berlin),2025-11-12 10:22:47.569398,Dämeritzsee,In-situ measurement
jungfernsee,52.4244340165068,13.078208920004815,lake,220.3968,OSM waterbodies (Berlin),2025-11-12 10:22:47.569398,Dämeritzsee,In-situ measurement
silver lake,41.57946073722491,-72.77309222770202,lake,130.2006,OSM waterbodies (Berlin),2025-11-12 10:22:47.569398,Dämeritzsee,In-situ measurement
habermannsee,52.492676789950025,13.593828813362569,lake,13.6368,OSM waterbodies (Berlin),2025-11-12 10:22:47.569398,Dämeritzsee,In-situ measurement
butzer see,52.50012760849457,13.591295381115524,lake,6.3586,OSM waterbodies (Berlin),2025-11-12 10:22:47.569398,Dämeritzsee,In-situ measurement
karpfenteich,52.51641234591163,13.57419067997098,pond,0.2532,OSM waterbodies (Berlin),2025-11-12 10:22:47.569398,Dämeritzsee,In-situ measurement
herthasee,52.48829842740981,13.276153410607732,lake,1.1291,OSM waterbodies (Berlin),2025-11-12 10:22:47.569398,Dämeritzsee,In-situ measurement
fontanenteich,52.448079693088054,13.333949724014204,pond,0.3807,OSM waterbodies (Berlin),2025-11-12 10:22:47.569398,Dämeritzsee,In-situ measurement
rohrbruchteich,52.55242795290837,13.2346934994719,pond,2.3664,OSM waterbodies (Berlin),2025-11-12 10:22:47.569398,Dämeritzsee,In-situ measurement
irissee,52.43365733078489,13.413003319651931,pond,0.2742,OSM waterbodies (Berlin),2025-11-12 10:22:47.569398,Dämeritzsee,In-situ measurement
gorlitzer parkteich,52.49512538205048,13.443544660781578,pond,0.2571,OSM waterbodies (Berlin),2025-11-12 10:22:47.569398,Dämeritzsee,In-situ measurement
kleine malche,52.55966784122973,13.235741385204127,pond,3.9677,OSM waterbodies (Berlin),2025-11-12 10:22:47.569398,Dämeritzsee,In-situ measurement
sudparksee,52.5153345857461,13.193265348661964,lake,2.4506,OSM waterbodies (Berlin),2025-11-12 10:22:47.569398,Dämeritzsee,In-situ measurement
elsenteich,52.499719410732624,13.612179417682071,pond,0.3899,OSM waterbodies (Berlin),2025-11-12 10:22:47.569398,Dämeritzsee,In-situ measurement
stiles pond,41.64094592180042,-72.75400361907701,lake,4.899,OSM waterbodies (Berlin),2025-11-12 10:22:47.569398,Dämeritzsee,In-situ measurement
pelikane,52.50325845891236,13.524471414534714,pond,0.0893,OSM waterbodies (Berlin),2025-11-12 10:22:47.569398,Dämeritzsee,In-situ measurement
merwins pond,41.640083132195016,-72.75749095609477,lake,32.6994,OSM waterbodies (Berlin),2025-11-12 10:22:47.569398,Dämeritzsee,In-situ measurement
staakener teich,52.53630185730726,13.146247471902392,pond,0.0524,OSM waterbodies (Berlin),2025-11-12 10:22:47.569398,Dämeritzsee,In-situ measurement
arboretumsteich,52.45546456441214,13.475775730648804,pond,153.0,OSM waterbodies (Berlin),2025-11-12 10:22:47.569398,Dämeritzsee,In-situ measurement
schlachtensee,52.44207569252094,13.21332272092438,lake,40.3524,OSM waterbodies (Berlin),2025-11-12 10:22:47.569398,Dämeritzsee,In-situ measurement
koenigssee,52.48847417795807,13.272907150781906,lake,2.2272,OSM waterbodies (Berlin),2025-11-12 10:22:47.569398,Dämeritzsee,In-situ measurement
fennsee,52.4836854501231,13.314797053172644,lake,2.2057,OSM waterbodies (Berlin),2025-11-12 10:22:47.569398,Dämeritzsee,In-situ measurement
dreipfuhl,52.44722107288449,13.272662194080654,pond,0.6412,OSM waterbodies (Berlin),2025-11-12 10:22:47.569398,Dämeritzsee,In-situ measurement
lietzensee,52.50669504151929,13.289095643827729,lake,6.3648,OSM waterbodies (Berlin),2025-11-12 10:22:47.569398,Dämeritzsee,In-situ measurement
dianasee,52.486347015502915,13.26783793671157,lake,2.485,OSM waterbodies (Berlin),2025-11-12 10:22:47.569398,Dämeritzsee,In-situ measurement
hundekehlesee,52.48216791153722,13.258697879323416,lake,7.0979,OSM waterbodies (Berlin),2025-11-12 10:22:47.569398,Dämeritzsee,In-situ measurement
grunewaldsee,52.47004030743475,13.262394769466187,lake,16.1271,OSM waterbodies (Berlin),2025-11-12 10:22:47.569398,Dämeritzsee,In-situ measurement
kleiner wannsee,52.41677188540584,13.162966850386482,lake,19.1545,OSM waterbodies (Berlin),2025-11-12 10:22:47.569398,Dämeritzsee,In-situ measurement
stolpchensee,52.40898715575846,13.14061685672986,lake,8.8915,OSM waterbodies (Berlin),2025-11-12 10:22:47.569398,Dämeritzsee,In-situ measurement
glienicker see,52.41099031949351,13.0927851111169,lake,18.5342,OSM waterbodies (Berlin),2025-11-12 10:22:47.569398,Dämeritzsee,In-situ measurement
großer wannsee,52.42787412957565,13.172864320424749,lake,142.2427,OSM waterbodies (Berlin),2025-11-12 10:22:47.569398,Dämeritzsee,In-situ measurement
pohlesee,52.4114025320605,13.15033137220502,lake,10.4899,OSM waterbodies (Berlin),2025-11-12 10:22:47.569398,Dämeritzsee,In-situ measurement
krumme lanke,52.45187691561159,13.233655303934386,lake,12.5943,OSM waterbodies (Berlin),2025-11-12 10:22:47.569398,Dämeritzsee,In-situ measurement
waldsee,52.44142311016278,13.23508592032435,lake,2.5701,OSM waterbodies (Berlin),2025-11-12 10:22:47.569398,Dämeritzsee,In-situ measurement
plotzensee,52.54410485763261,13.33000649512172,lake,7.7413,OSM waterbodies (Berlin),2025-11-12 10:22:47.569398,Dämeritzsee,In-situ measurement
grimnitzsee,52.51471140311142,13.200519683057104,lake,6.1466,OSM waterbodies (Berlin),2025-11-12 10:22:47.569398,Dämeritzsee,In-situ measurement
mowensee,52.5537807343994,13.333818456670215,lake,1.2291,OSM waterbodies (Berlin),2025-11-12 10:22:47.569398,Dämeritzsee,In-situ measurement
entenpfuhl,52.5559430327476,13.330302413373117,lake,0.2046,OSM waterbodies (Berlin),2025-11-12 10:22:47.569398,Dämeritzsee,In-situ measurement
sperlingsee,52.555260085215,13.331307493633886,lake,0.2924,OSM waterbodies (Berlin),2025-11-12 10:22:47.569398,Dämeritzsee,In-situ measurement
teufelssee,52.49111082759412,13.23359402299036,lake,2.2119,OSM waterbodies (Berlin),2025-11-12 10:22:47.569398,Dämeritzsee,In-situ measurement
garibalditeich,52.58670238885292,13.361240115730151,pond,0.5514,OSM waterbodies (Berlin),2025-11-12 10:22:47.569398,Dämeritzsee,In-situ measurement
nordhafen,52.53679663572566,13.363656060742532,lake,3.8944,OSM waterbodies (Berlin),2025-11-12 10:22:47.569398,Dämeritzsee,In-situ measurement
bitburgerteich,52.56392194664715,13.4808183532172,pond,0.1407,OSM waterbodies (Berlin),2025-11-12 10:22:47.569398,Dämeritzsee,In-situ measurement
orankesee,52.548826014545966,13.48232983455069,lake,3.9742,OSM waterbodies (Berlin),2025-11-12 10:22:47.569398,Dämeritzsee,In-situ measurement
borsighafen,52.581882080866755,13.276197674477649,lake,4.6342,OSM waterbodies (Berlin),2025-11-12 10:22:47.569398,Dämeritzsee,In-situ measurement
ehemalige tongrube,52.61636638908572,13.323754005285071,pond,0.3372,OSM waterbodies (Berlin),2025-11-12 10:22:47.569398,Dämeritzsee,In-situ measurement
ziegeleisee,52.61712324199735,13.334497604539258,lake,4.4525,OSM waterbodies (Berlin),2025-11-12 10:22:47.569398,Dämeritzsee,In-situ measurement
sprintwiesenteich,52.62215279852616,13.363203318379622,pond,0.8008,OSM waterbodies (Berlin),2025-11-12 10:22:47.569398,Dämeritzsee,In-situ measurement
koppchensee,52.62579218580716,13.370690682368902,lake,4.2335,OSM waterbodies (Berlin),2025-11-12 10:22:47.569398,Dämeritzsee,In-situ measurement
ostsee,52.43565475834245,13.419646612521063,pond,1.6681,OSM waterbodies (Berlin),2025-11-12 10:22:47.569398,Dämeritzsee,In-situ measurement
großer spektesee,52.54492242113781,13.1651980524292,lake,6.2203,OSM waterbodies (Berlin),2025-11-12 10:22:47.569398,Dämeritzsee,In-situ measurement
panzersee,52.55543136188088,13.1297270765256,pond,1.739,OSM waterbodies (Berlin),2025-11-12 10:22:47.569398,Dämeritzsee,In-situ measurement
heiligensee,52.604252265461575,13.21504433036829,lake,31.01,OSM waterbodies (Berlin),2025-11-12 10:22:47.569398,Dämeritzsee,In-situ measurement
nieder neuendorfer see,52.61526972582581,13.212378595935254,lake,90.7937,OSM waterbodies (Berlin),2025-11-12 10:22:47.569398,Dämeritzsee,In-situ measurement
sausuhlensee,52.514080413430946,13.250154332888195,lake,0.9926,OSM waterbodies (Berlin),2025-11-12 10:22:47.569398,Dämeritzsee,In-situ measurement
sickerbecken 3,52.55840622852061,13.250047337772548,pond,0.8864,OSM waterbodies (Berlin),2025-11-12 10:22:47.569398,Dämeritzsee,In-situ measurement
sickerbecken 2,52.55700505058471,13.247613814611478,pond,0.7656,OSM waterbodies (Berlin),2025-11-12 10:22:47.569398,Dämeritzsee,In-situ measurement
sickerbecken 1,52.55845053597774,13.246845504678108,pond,0.8062,OSM waterbodies (Berlin),2025-11-12 10:22:47.569398,Dämeritzsee,In-situ measurement
septimerbecken,52.56597663301063,13.341750797625012,pond,308.0,OSM waterbodies (Berlin),2025-11-12 10:22:47.569398,Dämeritzsee,In-situ measurement
schwanenteich,52.57737933486697,13.345185702582976,pond,0.3799,OSM waterbodies (Berlin),2025-11-12 10:22:47.569398,Dämeritzsee,In-situ measurement
ententeich,52.48291563579905,13.34145135909272,pond,232.0,OSM waterbodies (Berlin),2025-11-12 10:22:47.569398,Dämeritzsee,In-situ measurement
messelteich,52.46587067882823,13.29055640594896,pond,0.0516,OSM waterbodies (Berlin),2025-11-12 10:22:47.569398,Dämeritzsee,In-situ measurement
spektelake,52.548796940093354,13.146242533875112,lake,7.4363,OSM waterbodies (Berlin),2025-11-12 10:22:47.569398,Dämeritzsee,In-situ measurement
toter mantel,52.5146053692228,13.208499462331805,pond,1.5539,OSM waterbodies (Berlin),2025-11-12 10:22:47.569398,Dämeritzsee,In-situ measurement
barssee,52.47741205903203,13.215316828177892,pond,0.8558,OSM waterbodies (Berlin),2025-11-12 10:22:47.569398,Dämeritzsee,In-situ measurement
engelbecken,52.50578838929404,13.418286885671254,pond,916.0,OSM waterbodies (Berlin),2025-11-12 10:22:47.569398,Dämeritzsee,In-situ measurement
koldischteich,52.579072115925456,13.325711567580976,pond,0.5262,OSM waterbodies (Berlin),2025-11-12 10:22:47.569398,Dämeritzsee,In-situ measurement
kauzchensteigteich,52.46438738894106,13.27158935697166,pond,0.2065,OSM waterbodies (Berlin),2025-11-12 10:22:47.569398,Dämeritzsee,In-situ measurement
lindenhofweiher,52.45681701252365,13.3616763593158,pond,0.9486,OSM waterbodies (Berlin),2025-11-12 10:22:47.569398,Dämeritzsee,In-situ measurement
dorfteich bohnsdorf,52.39940344346359,13.555183296817283,pond,0.1085,OSM waterbodies (Berlin),2025-11-12 10:22:47.569398,Dämeritzsee,In-situ measurement
großer zug,52.34424519102591,13.655110256315725,lake,101.8655,OSM waterbodies (Berlin),2025-11-12 10:22:47.569398,Dämeritzsee,In-situ measurement
mittelfeldteich,52.61204563097512,13.23021079654936,pond,0.4268,OSM waterbodies (Berlin),2025-11-12 10:22:47.569398,Dämeritzsee,In-situ measurement
fennpfuhl,52.450764044461216,13.444141483934548,pond,534.0,OSM waterbodies (Berlin),2025-11-12 10:22:47.569398,Dämeritzsee,In-situ measurement
krummer pfuhl,52.457828237174674,13.366360131620969,pond,0.2265,OSM waterbodies (Berlin),2025-11-12 10:22:47.569398,Dämeritzsee,In-situ measurement
baketeich,52.44450147536891,13.32582851022448,pond,0.4291,OSM waterbodies (Berlin),2025-11-12 10:22:47.569398,Dämeritzsee,In-situ measurement
gehrensee,52.57624794016555,13.561620511589528,pond,1.0024,OSM waterbodies (Berlin),2025-11-12 10:22:47.569398,Dämeritzsee,In-situ measurement
himmelsauge,52.48038666597781,13.215520764949686,pond,22.0,OSM waterbodies (Berlin),2025-11-12 10:22:47.569398,Dämeritzsee,In-situ measurement
große krampe,52.395324393139525,13.65640538459515,lake,68.0041,OSM waterbodies (Berlin),2025-11-12 10:22:47.569398,Dämeritzsee,In-situ measurement
amerikasee,52.4524798101563,13.307417580686208,pond,0.3819,OSM waterbodies (Berlin),2025-11-12 10:22:47.569398,Dämeritzsee,In-situ measurement
goebenteich,52.44867677746459,13.329998920291812,pond,0.2855,OSM waterbodies (Berlin),2025-11-12 10:22:47.569398,Dämeritzsee,In-situ measurement
restaurantteich,52.44748716455488,13.337060097989433,pond,0.1613,OSM waterbodies (Berlin),2025-11-12 10:22:47.569398,Dämeritzsee,In-situ measurement
krugpfuhl,52.448646662331235,13.451244371806906,pond,55.0,OSM waterbodies (Berlin),2025-11-12 10:22:47.569398,Dämeritzsee,In-situ measurement
teichbach,52.43317697764108,13.411889748841311,pond,0.0752,OSM waterbodies (Berlin),2025-11-12 10:22:47.569398,Dämeritzsee,In-situ measurement
kopfweidenpfuhl,52.43060067779545,13.4195027314486,pond,0.0998,OSM waterbodies (Berlin),2025-11-12 10:22:47.569398,Dämeritzsee,In-situ measurement
teich vollkropfgraben,52.43689083849404,13.56702038235139,pond,0.2679,OSM waterbodies (Berlin),2025-11-12 10:22:47.569398,Dämeritzsee,In-situ measurement
pucklerteich,52.466907451134674,13.273175990452012,pond,0.3374,OSM waterbodies (Berlin),2025-11-12 10:22:47.569398,Dämeritzsee,In-situ measurement
britzer kirchteich,52.44738278512544,13.436414951304249,pond,0.7398,OSM waterbodies (Berlin),2025-11-12 10:22:47.569398,Dämeritzsee,In-situ measurement
stieglakebecken,52.52907776200691,13.149205804689716,pond,0.1887,OSM waterbodies (Berlin),2025-11-12 10:22:47.569398,Dämeritzsee,In-situ measurement
klarpfuhl,52.4031372699822,13.513344111166658,pond,0.2855,OSM waterbodies (Berlin),2025-11-12 10:22:47.569398,Dämeritzsee,In-situ measurement
teich rudow (kleiner rothepfuhl),52.40786108116425,13.51054168117793,pond,0.0978,OSM waterbodies (Berlin),2025-11-12 10:22:47.569398,Dämeritzsee,In-situ measurement
krummer katzenpfuhl,52.40710807727741,13.507168058055544,pond,79.0,OSM waterbodies (Berlin),2025-11-12 10:22:47.569398,Dämeritzsee,In-situ measurement
rothepfuhl,52.406586598842914,13.509210415855684,pond,0.1078,OSM waterbodies (Berlin),2025-11-12 10:22:47.569398,Dämeritzsee,In-situ measurement
klosterteich,52.41493680827585,13.358625067863766,pond,0.0711,OSM waterbodies (Berlin),2025-11-12 10:22:47.569398,Dämeritzsee,In-situ measurement
buschgraben,52.408173066616285,13.248399172628217,pond,0.5573,OSM waterbodies (Berlin),2025-11-12 10:22:47.569398,Dämeritzsee,In-situ measurement
hohenschonhausener see,52.561223583191264,13.531159568217475,pond,0.8641,OSM waterbodies (Berlin),2025-11-12 10:22:47.569398,Dämeritzsee,In-situ measurement
lichtenrader dorfteich,52.39060339123924,13.41041405131563,pond,0.8957,OSM waterbodies (Berlin),2025-11-12 10:22:47.569398,Dämeritzsee,In-situ measurement
venusbassin,52.51457617740228,13.37062923227082,pond,0.3145,OSM waterbodies (Berlin),2025-11-12 10:22:47.569398,Dämeritzsee,In-situ measurement
sinkende mauer,52.529303682953646,13.376338912406586,pond,0.2284,OSM waterbodies (Berlin),2025-11-12 10:22:47.569398,Dämeritzsee,In-situ measurement
fischtalteich,52.444263392665334,13.257197895346454,pond,0.2107,OSM waterbodies (Berlin),2025-11-12 10:22:47.569398,Dämeritzsee,In-situ measurement
lankegrabenteich,52.436673050672674,13.357876023446874,pond,0.0717,OSM waterbodies (Berlin),2025-11-12 10:22:47.569398,Dämeritzsee,In-situ measurement
triestparkteich,52.44925908964424,13.2873699665759,pond,0.1057,OSM waterbodies (Berlin),2025-11-12 10:22:47.569398,Dämeritzsee,In-situ measurement
kleiner stadtparkteich,52.449187989746335,13.33485739600184,pond,0.0646,OSM waterbodies (Berlin),2025-11-12 10:22:47.569398,Dämeritzsee,In-situ measurement
grimnitz,52.374292861643845,13.646231906272234,lake,9.521,OSM waterbodies (Berlin),2025-11-12 10:22:47.569398,Dämeritzsee,In-situ measurement
wiesenbecken,52.53036084165197,13.160728000696093,lake,359.0,OSM waterbodies (Berlin),2025-11-12 10:22:47.569398,Dämeritzsee,In-situ measurement
eichenpfuhl,52.63674994235009,13.264899552316752,pond,0.0856,OSM waterbodies (Berlin),2025-11-12 10:22:47.569398,Dämeritzsee,In-situ measurement
nibelungenteich,52.63723544350846,13.2786365261557,pond,0.1282,OSM waterbodies (Berlin),2025-11-12 10:22:47.569398,Dämeritzsee,In-situ measurement
studententeich,52.45038655898902,13.284008330370265,pond,0.0546,OSM waterbodies (Berlin),2025-11-12 10:22:47.569398,Dämeritzsee,In-situ measurement
sudsee,52.43199846559476,13.417779336318691,pond,1.7385,OSM waterbodies (Berlin),2025-11-12 10:22:47.569398,Dämeritzsee,In-situ measurement
krossinsee,52.36329640935968,13.67809140572994,lake,142.4135,OSM waterbodies (Berlin),2025-11-12 10:22:47.569398,Dämeritzsee,In-situ measurement
krummes fenn,52.42450198227717,13.23090254479418,pond,417.0,OSM waterbodies (Berlin),2025-11-12 10:22:47.569398,Dämeritzsee,In-situ measurement
große kaskade,52.50338062478105,13.289166485998695,pond,0.0352,OSM waterbodies (Berlin),2025-11-12 10:22:47.569398,Dämeritzsee,In-situ measurement
waldteich im botanischen volkspark,52.60578970577877,13.39367586862169,pond,0.1314,OSM waterbodies (Berlin),2025-11-12 10:22:47.569398,Dämeritzsee,In-situ measurement
chinateich,52.45498885641092,13.305720153709125,pond,0.03,OSM waterbodies (Berlin),2025-11-12 10:22:47.569398,Dämeritzsee,In-situ measurement
laake,52.60147380250794,13.48951207131159,pond,0.1278,OSM waterbodies (Berlin),2025-11-12 10:22:47.569398,Dämeritzsee,In-situ measurement
wuhlebecken,52.48196525727614,13.562739331998737,lake,3.5663,OSM waterbodies (Berlin),2025-11-12 10:22:47.569398,Dämeritzsee,In-situ measurement
klarensee,52.463001160410926,13.38325752139073,pond,0.6422,OSM waterbodies (Berlin),2025-11-12 10:22:47.569398,Dämeritzsee,In-situ measurement
amtsteich,52.448331647004856,13.599146618025436,pond,0.1002,OSM waterbodies (Berlin),2025-11-12 10:22:47.569398,Dämeritzsee,In-situ measurement
vierrutenteich,52.612312369461634,13.334414338630488,pond,0.0577,OSM waterbodies (Berlin),2025-11-12 10:22:47.569398,Dämeritzsee,In-situ measurement
brauningbecken,52.61181159198604,13.334640510327484,pond,0.1373,OSM waterbodies (Berlin),2025-11-12 10:22:47.569398,Dämeritzsee,In-situ measurement
seerosenbecken,52.578754871466906,13.40545239235781,pond,0.0099,OSM waterbodies (Berlin),2025-11-12 10:22:47.569398,Dämeritzsee,In-situ measurement
turkenpfuhl,52.44110536226422,13.407916188971145,pond,0.3848,OSM waterbodies (Berlin),2025-11-12 10:22:47.569398,Dämeritzsee,In-situ measurement
wilhelmsteich,52.4641794182641,13.382782879775196,pond,0.1698,OSM waterbodies (Berlin),2025-11-12 10:22:47.569398,Dämeritzsee,In-situ measurement
francketeich,52.461005769239904,13.389766685584195,pond,0.0461,OSM waterbodies (Berlin),2025-11-12 10:22:47.569398,Dämeritzsee,In-situ measurement
hambuttenpfuhl,52.450291770352635,13.35328012217782,pond,0.2908,OSM waterbodies (Berlin),2025-11-12 10:22:47.569398,Dämeritzsee,In-situ measurement
buckower dorfteich,52.42231819154544,13.431885411989724,pond,0.2437,OSM waterbodies (Berlin),2025-11-12 10:22:47.569398,Dämeritzsee,In-situ measurement
torfstich,52.582709637686314,13.488348337567148,pond,0.2253,OSM waterbodies (Berlin),2025-11-12 10:22:47.569398,Dämeritzsee,In-situ measurement
pilzteich,52.643430850983776,13.303014001706904,pond,0.1496,OSM waterbodies (Berlin),2025-11-12 10:22:47.569398,Dämeritzsee,In-situ measurement
weißer see,52.55420419415144,13.463586704802877,lake,8.154,OSM waterbodies (Berlin),2025-11-12 10:22:47.569398,Dämeritzsee,In-situ measurement
weltenmeer,52.47498185418023,13.44196202087084,pond,0.0047,OSM waterbodies (Berlin),2025-11-12 10:22:47.569398,Dämeritzsee,In-situ measurement
griebnitzsee,52.40109706889277,13.122555274321437,lake,56.9931,OSM waterbodies (Berlin),2025-11-12 10:22:47.569398,Dämeritzsee,In-situ measurement
teich an der sensburger allee,52.51114444568056,13.251844108463184,lake,0.0841,OSM waterbodies (Berlin),2025-11-12 10:22:47.569398,Dämeritzsee,In-situ measurement
olmteich,52.43476062964229,13.565916219165771,pond,0.0534,OSM waterbodies (Berlin),2025-11-12 10:22:47.569398,Dämeritzsee,In-situ measurement
amselteich,52.63545863909898,13.281985833223288,pond,0.0933,OSM waterbodies (Berlin),2025-11-12 10:22:47.569398,Dämeritzsee,In-situ measurement
stolzingteich,52.63599615971624,13.277215690539466,pond,0.0634,OSM waterbodies (Berlin),2025-11-12 10:22:47.569398,Dämeritzsee,In-situ measurement
eckernpfuhl,52.44125578239011,13.394039616345207,pond,0.4023,OSM waterbodies (Berlin),2025-11-12 10:22:47.569398,Dämeritzsee,In-situ measurement
erlengrabenteich,52.61512345814857,13.221743371377176,pond,0.6714,OSM waterbodies (Berlin),2025-11-12 10:22:47.569398,Dämeritzsee,In-situ measurement
vierling,52.446136047641794,13.238341276243656,pond,0.3924,OSM waterbodies (Berlin),2025-11-12 10:22:47.569398,Dämeritzsee,In-situ measurement
hamburger teich,52.56739012735381,13.445441953140987,pond,0.1725,OSM waterbodies (Berlin),2025-11-12 10:22:47.569398,Dämeritzsee,In-situ measurement
karutschenpfuhl,52.45154479433238,13.352636725639467,pond,0.2959,OSM waterbodies (Berlin),2025-11-12 10:22:47.569398,Dämeritzsee,In-situ measurement
huttenteich,52.46951259118534,13.23882174840547,pond,0.0312,OSM waterbodies (Berlin),2025-11-12 10:22:47.569398,Dämeritzsee,In-situ measurement
hufeisenteich,52.448227022200264,13.448613308770833,pond,0.1394,OSM waterbodies (Berlin),2025-11-12 10:22:47.569398,Dämeritzsee,In-situ measurement
goldfischteich,52.55494280905216,13.456595441788634,pond,0.1649,OSM waterbodies (Berlin),2025-11-12 10:22:47.569398,Dämeritzsee,In-situ measurement
kreuzpfuhl,52.55297872780509,13.452744771397406,pond,0.6913,OSM waterbodies (Berlin),2025-11-12 10:22:47.569398,Dämeritzsee,In-situ measurement
furstenteich,52.63182107947684,13.298535548347258,pond,0.0355,OSM waterbodies (Berlin),2025-11-12 10:22:47.569398,Dämeritzsee,In-situ measurement
kleiner muggelsee,52.42971436163596,13.676172173180538,lake,11.7942,OSM waterbodies (Berlin),2025-11-12 10:22:47.569398,Dämeritzsee,In-situ measurement
blanke helle,52.45921822913875,13.36929366617623,pond,0.3509,OSM waterbodies (Berlin),2025-11-12 10:22:47.569398,Dämeritzsee,In-situ measurement
kattenpfuhl,52.41743541561234,13.501131254149149,pond,0.4189,OSM waterbodies (Berlin),2025-11-12 10:22:47.569398,Dämeritzsee,In-situ measurement
kiessee,52.42297150497401,13.52048443768113,pond,424.0,OSM waterbodies (Berlin),2025-11-12 10:22:47.569398,Dämeritzsee,In-situ measurement
nikolassee,52.424096923684246,13.192368973086964,lake,5.8966,OSM waterbodies (Berlin),2025-11-12 10:22:47.569398,Dämeritzsee,In-situ measurement
elsensee,52.49869322465134,13.60202879108016,lake,11.4847,OSM waterbodies (Berlin),2025-11-12 10:22:47.569398,Dämeritzsee,In-situ measurement
railroad pond,41.630830909395215,-72.77227821839506,lake,11.421,OSM waterbodies (Berlin),2025-11-12 10:22:47.569398,Dämeritzsee,In-situ measurement
holmes pond,41.62937051931771,-72.75559449768001,pond,1.3344,OSM waterbodies (Berlin),2025-11-12 10:22:47.569398,Dämeritzsee,In-situ measurement
roetepfuhl britz,52.441534987127845,13.427840622922089,pond,0.2002,OSM waterbodies (Berlin),2025-11-12 10:22:47.569398,Dämeritzsee,In-situ measurement
seerosenteich,52.518145647360775,13.351709936245218,pond,0.0886,OSM waterbodies (Berlin),2025-11-12 10:22:47.569398,Dämeritzsee,In-situ measurement
dominikusteich,52.62176996756455,13.29459981043501,pond,0.1479,OSM waterbodies (Berlin),2025-11-12 10:22:47.569398,Dämeritzsee,In-situ measurement
kleiner rohrpfuhl,52.41004184949291,13.491611914203546,pond,0.1429,OSM waterbodies (Berlin),2025-11-12 10:22:47.569398,Dämeritzsee,In-situ measurement
wilhelmsruher see,52.58425600045801,13.370021916089588,pond,0.8099,OSM waterbodies (Berlin),2025-11-12 10:22:47.569398,Dämeritzsee,In-situ measurement
großer rohrpfuhl,52.41097437407379,13.49319874812551,pond,0.6031,OSM waterbodies (Berlin),2025-11-12 10:22:47.569398,Dämeritzsee,In-situ measurement
theodosiusteich,52.44029691909661,13.35664839639846,pond,0.0497,OSM waterbodies (Berlin),2025-11-12 10:22:47.569398,Dämeritzsee,In-situ measurement
blumelteich,52.44270005505095,13.388824707827968,pond,1.3147,OSM waterbodies (Berlin),2025-11-12 10:22:47.569398,Dämeritzsee,In-situ measurement
dillgesteich,52.44219327576477,13.3889363630577,pond,0.0925,OSM waterbodies (Berlin),2025-11-12 10:22:47.569398,Dämeritzsee,In-situ measurement
kleiner teich,52.44198994400436,13.390142926585533,pond,0.0767,OSM waterbodies (Berlin),2025-11-12 10:22:47.569398,Dämeritzsee,In-situ measurement
großer karpfenpfuhl,52.43882245542607,13.404093115370337,pond,0.1805,OSM waterbodies (Berlin),2025-11-12 10:22:47.569398,Dämeritzsee,In-situ measurement
rothepfuhl,52.44041755651334,13.40625734473039,pond,0.3274,OSM waterbodies (Berlin),2025-11-12 10:22:47.569398,Dämeritzsee,In-situ measurement
dorfteich,52.41824042495188,13.495494429252783,pond,0.0498,OSM waterbodies (Berlin),2025-11-12 10:22:47.569398,Dämeritzsee,In-situ measurement
waldpfuhl,52.37691247909901,13.414460512618149,pond,0.0828,OSM waterbodies (Berlin),2025-11-12 10:22:47.569398,Dämeritzsee,In-situ measurement
teich britz,52.45837795243375,13.446013125970737,pond,0.0716,OSM waterbodies (Berlin),2025-11-12 10:22:47.569398,Dämeritzsee,In-situ measurement
poloteich,52.64499781109656,13.285889460315545,pond,0.0287,OSM waterbodies (Berlin),2025-11-12 10:22:47.569398,Dämeritzsee,In-situ measurement
laurinteich,52.6351420628503,13.27248880589734,pond,0.0541,OSM waterbodies (Berlin),2025-11-12 10:22:47.569398,Dämeritzsee,In-situ measurement
tropfsteinteich,52.42373187328514,13.412625485133846,pond,108.0,OSM waterbodies (Berlin),2025-11-12 10:22:47.569398,Dämeritzsee,In-situ measurement
gruntenteich,52.43922719586698,13.397987103179814,pond,0.0407,OSM waterbodies (Berlin),2025-11-12 10:22:47.569398,Dämeritzsee,In-situ measurement
beckley pond,41.64301974967257,-72.73135043632264,pond,6.7726,OSM waterbodies (Berlin),2025-11-12 10:22:47.569398,Dämeritzsee,In-situ measurement
rixdorfer teich,52.482281309063936,13.412055936378058,pond,0.3865,OSM waterbodies (Berlin),2025-11-12 10:22:47.569398,Dämeritzsee,In-situ measurement
carbo pond,41.63872495598584,-72.75237646030729,lake,6.919,OSM waterbodies (Berlin),2025-11-12 10:22:47.569398,Dämeritzsee,In-situ measurement
wheeler pond,42.357927588467696,-71.6308334193685,pond,11.9433,OSM waterbodies (Berlin),2025-11-12 10:22:47.569398,Dämeritzsee,In-situ measurement
kelchpfuhl,52.44966000460186,13.357372316546495,pond,0.0596,OSM waterbodies (Berlin),2025-11-12 10:22:47.569398,Dämeritzsee,In-situ measurement
froschteich,52.49845237932054,13.230840363774533,pond,0.0231,OSM waterbodies (Berlin),2025-11-12 10:22:47.569398,Dämeritzsee,In-situ measurement
kleiner karpfenpfuhl,52.4390659689826,13.39964738178064,pond,0.0925,OSM waterbodies (Berlin),2025-11-12 10:22:47.569398,Dämeritzsee,In-situ measurement
juncuspfuhl,52.43552114764616,13.4095636178344,pond,0.1181,OSM waterbodies (Berlin),2025-11-12 10:22:47.569398,Dämeritzsee,In-situ measurement
rotkopf-pfuhl,52.43571733765813,13.40883033661809,pond,0.0652,OSM waterbodies (Berlin),2025-11-12 10:22:47.569398,Dämeritzsee,In-situ measurement
sembritzkiteich,52.45262032428053,13.35026153779426,pond,0.0126,OSM waterbodies (Berlin),2025-11-12 10:22:47.569398,Dämeritzsee,In-situ measurement
massantepfuhl,52.405665654413035,13.517685743221296,pond,0.3264,OSM waterbodies (Berlin),2025-11-12 10:22:47.569398,Dämeritzsee,In-situ measurement
schinkel-fontane,52.51858614749075,13.399684449825154,pond,0.0166,OSM waterbodies (Berlin),2025-11-12 10:22:47.569398,Dämeritzsee,In-situ measurement
scheringteich,52.641955240171086,13.288089271705111,pond,0.0251,OSM waterbodies (Berlin),2025-11-12 10:22:47.569398,Dämeritzsee,In-situ measurement
neurandteich,52.63884205097789,13.273767913437643,pond,0.0571,OSM waterbodies (Berlin),2025-11-12 10:22:47.569398,Dämeritzsee,In-situ measurement
neubruckerteich,52.64047015171692,13.281825983997273,pond,0.0559,OSM waterbodies (Berlin),2025-11-12 10:22:47.569398,Dämeritzsee,In-situ measurement
ludwig-lesser-teich,52.63868642219782,13.288871967172408,pond,0.0713,OSM waterbodies (Berlin),2025-11-12 10:22:47.569398,Dämeritzsee,In-situ measurement
großer muggelsee,52.43754427970835,13.648328022996775,lake,742.5397,OSM waterbodies (Berlin),2025-11-12 10:22:47.569398,Dämeritzsee,In-situ measurement
pfuhl am bullenwinkel,52.47009067730789,13.259918312790427,pond,0.2274,OSM waterbodies (Berlin),2025-11-12 10:22:47.569398,Dämeritzsee,In-situ measurement
schattenteich,52.402601611280296,13.361931268669204,pond,0.0578,OSM waterbodies (Berlin),2025-11-12 10:22:47.569398,Dämeritzsee,In-situ measurement
park drive pond,41.57186367138679,-72.81307805948985,pond,0.4641,OSM waterbodies (Berlin),2025-11-12 10:22:47.569398,Dämeritzsee,In-situ measurement
swede pond,41.601739894413136,-72.76840583492806,pond,7.4046,OSM waterbodies (Berlin),2025-11-12 10:22:47.569398,Dämeritzsee,In-situ measurement
muhlenfeldteich,52.60651822930944,13.306199339775302,pond,0.0799,OSM waterbodies (Berlin),2025-11-12 10:22:47.569398,Dämeritzsee,In-situ measurement
stubichtbecken,52.606667271867536,13.306657672053664,pond,0.0853,OSM waterbodies (Berlin),2025-11-12 10:22:47.569398,Dämeritzsee,In-situ measurement
feldgrabenteich,52.58099504169921,13.349059159726847,pond,0.0784,OSM waterbodies (Berlin),2025-11-12 10:22:47.569398,Dämeritzsee,In-situ measurement
kafeld pfuhl,52.44117383279016,13.414193092758222,pond,0.0404,OSM waterbodies (Berlin),2025-11-12 10:22:47.569398,Dämeritzsee,In-situ measurement
romerteich,52.44574475869724,13.408815183617795,pond,0.0216,OSM waterbodies (Berlin),2025-11-12 10:22:47.569398,Dämeritzsee,In-situ measurement
rohrpfuhl,52.51420002341415,13.614603017594204,lake,0.2222,OSM waterbodies (Berlin),2025-11-12 10:22:47.569398,Dämeritzsee,In-situ measurement
sudpfuhl,52.407220225641,13.316806632986248,pond,0.0914,OSM waterbodies (Berlin),2025-11-12 10:22:47.569398,Dämeritzsee,In-situ measurement
"leinegans, indische laufente",52.49879971107824,13.52901131808916,pond,25.0,OSM waterbodies (Berlin),2025-11-12 10:22:47.569398,Dämeritzsee,In-situ measurement
brandpfuhl,52.44981882419001,13.433918722369718,pond,0.0216,OSM waterbodies (Berlin),2025-11-12 10:22:47.569398,Dämeritzsee,In-situ measurement
großer ecker-pfuhl,52.4485570090255,13.433568149219028,pond,0.1386,OSM waterbodies (Berlin),2025-11-12 10:22:47.569398,Dämeritzsee,In-situ measurement
camp meribrite swimming hole,41.5987899031381,-72.78941826746531,pond,0.3246,OSM waterbodies (Berlin),2025-11-12 10:22:47.569398,Dämeritzsee,In-situ measurement
priesterpfuhl,52.41969563063921,13.517308727976296,pond,0.1656,OSM waterbodies (Berlin),2025-11-12 10:22:47.569398,Dämeritzsee,In-situ measurement
elfenteich,52.606650812221886,13.436225386087854,pond,0.0471,OSM waterbodies (Berlin),2025-11-12 10:22:47.569398,Dämeritzsee,In-situ measurement
murellenteich,52.5227829742959,13.243742524693417,pond,587.0,OSM waterbodies (Berlin),2025-11-12 10:22:47.569398,Dämeritzsee,In-situ measurement
am birkenteich,52.56120231347808,13.491823640419817,pond,0.0725,OSM waterbodies (Berlin),2025-11-12 10:22:47.569398,Dämeritzsee,In-situ measurement
elisabethteich,52.38933503768517,13.387001439282624,pond,0.0088,OSM waterbodies (Berlin),2025-11-12 10:22:47.569398,Dämeritzsee,In-situ measurement
karower becken,52.60377693586004,13.49507149618514,pond,0.0361,OSM waterbodies (Berlin),2025-11-12 10:22:47.569398,Dämeritzsee,In-situ measurement
wernickepfuhl,52.61186079846405,13.312687317775609,pond,0.0213,OSM waterbodies (Berlin),2025-11-12 10:22:47.569398,Dämeritzsee,In-situ measurement
langer deichpfuhl,52.61188364369321,13.312192497113642,pond,0.0474,OSM waterbodies (Berlin),2025-11-12 10:22:47.569398,Dämeritzsee,In-situ measurement
madalenenhof teich,52.57192390962515,13.20113683675654,pond,0.0453,OSM waterbodies (Berlin),2025-11-12 10:22:47.569398,Dämeritzsee,In-situ measurement
parkgrabenteich,52.59451881305653,13.327721880525434,pond,0.0552,OSM waterbodies (Berlin),2025-11-12 10:22:47.569398,Dämeritzsee,In-situ measurement
schlossteich,52.41444277012945,13.097438487320217,pond,0.3848,OSM waterbodies (Berlin),2025-11-12 10:22:47.569398,Dämeritzsee,In-situ measurement
mehringteich,52.6400728704628,13.298466001109842,pond,0.0364,OSM waterbodies (Berlin),2025-11-12 10:22:47.569398,Dämeritzsee,In-situ measurement
teich streckfußstraße,52.61443375680092,13.464900291403936,pond,0.0105,OSM waterbodies (Berlin),2025-11-12 10:22:47.569398,Dämeritzsee,In-situ measurement
teich am außenring,52.58546045169808,13.487229628706332,pond,0.0801,OSM waterbodies (Berlin),2025-11-12 10:22:47.569398,Dämeritzsee,In-situ measurement
cecilienteich,52.62434629061447,13.313495576034656,pond,0.0352,OSM waterbodies (Berlin),2025-11-12 10:22:47.569398,Dämeritzsee,In-situ measurement
viktoriateich,52.60463185629759,13.438847826751614,pond,0.0678,OSM waterbodies (Berlin),2025-11-12 10:22:47.569398,Dämeritzsee,In-situ measurement
inselteich,52.62418355899262,13.461152639711113,lake,4.1607,OSM waterbodies (Berlin),2025-11-12 10:22:47.569398,Dämeritzsee,In-situ measurement
teich heim-krankenhaus,52.64905618342208,13.492630916055766,pond,0.0466,OSM waterbodies (Berlin),2025-11-12 10:22:47.569398,Dämeritzsee,In-situ measurement
teich am parkgraben,52.59558442218234,13.32540028848881,pond,0.0197,OSM waterbodies (Berlin),2025-11-12 10:22:47.569398,Dämeritzsee,In-situ measurement
dorfteich wartenberg,52.575224972062635,13.51477598223112,pond,0.0377,OSM waterbodies (Berlin),2025-11-12 10:22:47.569398,Dämeritzsee,In-situ measurement
regenauffangbecken,52.576179778542425,13.331146161015168,pond,0.0142,OSM waterbodies (Berlin),2025-11-12 10:22:47.569398,Dämeritzsee,In-situ measurement
niederheidesee,52.569136583454,13.186668740578058,pond,0.1736,OSM waterbodies (Berlin),2025-11-12 10:22:47.569398,Dämeritzsee,In-situ measurement
broff pond,41.64604820309194,-72.76026643431351,pond,1.5973,OSM waterbodies (Berlin),2025-11-12 10:22:47.569398,Dämeritzsee,In-situ measurement
sage pond,41.609571969196566,-72.74375330631472,pond,2.2338,OSM waterbodies (Berlin),2025-11-12 10:22:47.569398,Dämeritzsee,In-situ measurement
mosaisches becken,52.47514353175858,13.441889525396794,pond,0.0002,OSM waterbodies (Berlin),2025-11-12 10:22:47.569398,Dämeritzsee,In-situ measurement
limonenteich,52.45334693396082,13.299370239113266,pond,0.0511,OSM waterbodies (Berlin),2025-11-12 10:22:47.569398,Dämeritzsee,In-situ measurement
finkenteich,52.46556653446333,13.28719554948171,pond,0.0233,OSM waterbodies (Berlin),2025-11-12 10:22:47.569398,Dämeritzsee,In-situ measurement
konigsheideteich,52.454878383386585,13.485958060366018,pond,39.0,OSM waterbodies (Berlin),2025-11-12 10:22:47.569398,Dämeritzsee,In-situ measurement
mittelmeerteich,52.45586267085825,13.304654280522897,pond,0.0081,OSM waterbodies (Berlin),2025-11-12 10:22:47.569398,Dämeritzsee,In-situ measurement
eichenteich,52.45201802566318,13.308758153145527,pond,0.5037,OSM waterbodies (Berlin),2025-11-12 10:22:47.569398,Dämeritzsee,In-situ measurement
eulenteich,52.39654481941829,13.147303400151085,pond,111.0,OSM waterbodies (Berlin),2025-11-12 10:22:47.569398,Dämeritzsee,In-situ measurement
teich,52.41427366268478,13.34277843148746,pond,0.0103,OSM waterbodies (Berlin),2025-11-12 10:22:47.569398,Dämeritzsee,In-situ measurement
pond #35,41.6349169413994,-72.74227631979728,pond,8.3633,OSM waterbodies (Berlin),2025-11-12 10:22:47.569398,Dämeritzsee,In-situ measurement
lindengrabenteich,52.62141375472316,13.228270392175316,pond,0.0708,OSM waterbodies (Berlin),2025-11-12 10:22:47.569398,Dämeritzsee,In-situ measurement
rosenhagteich,52.52541807592829,13.621085089251002,pond,0.0853,OSM waterbodies (Berlin),2025-11-12 10:22:47.569398,Dämeritzsee,In-situ measurement
erlengrundteich,52.58696161904411,13.21383267241292,pond,0.0056,OSM waterbodies (Berlin),2025-11-12 10:22:47.569398,Dämeritzsee,In-situ measurement
marks dam,41.56926914978467,-72.82330066153034,pond,1.5092,OSM waterbodies (Berlin),2025-11-12 10:22:47.569398,Dämeritzsee,In-situ measurement
fischerbrunnen,52.51374975042849,13.478128989722372,pond,0.0144,OSM waterbodies (Berlin),2025-11-12 10:22:47.569398,Dämeritzsee,In-situ measurement
buffelteich,52.43947817505968,13.129654966774222,pond,0.1246,OSM waterbodies (Berlin),2025-11-12 10:22:47.569398,Dämeritzsee,In-situ measurement
meiereiteich,52.43921043923741,13.132966872834697,pond,0.0428,OSM waterbodies (Berlin),2025-11-12 10:22:47.569398,Dämeritzsee,In-situ measurement
wasservogelteich,52.43284090373702,13.127399663976451,pond,0.0828,OSM waterbodies (Berlin),2025-11-12 10:22:47.569398,Dämeritzsee,In-situ measurement
biberteich,52.43333048740896,13.13421158282701,pond,0.0487,OSM waterbodies (Berlin),2025-11-12 10:22:47.569398,Dämeritzsee,In-situ measurement
teich kga falkenhohe nord,52.58250802655481,13.537013772063393,pond,0.0652,OSM waterbodies (Berlin),2025-11-12 10:22:47.569398,Dämeritzsee,In-situ measurement
donnlys pond,41.64119060776681,-72.76425054077374,lake,0.8794,OSM waterbodies (Berlin),2025-11-12 10:22:47.569398,Dämeritzsee,In-situ measurement
frog pond,42.393124515870994,-71.67345869463249,pond,0.1245,OSM waterbodies (Berlin),2025-11-12 10:22:47.569398,Dämeritzsee,In-situ measurement
kleine libelle,52.54899212835573,13.313435639734491,pond,0.1001,OSM waterbodies (Berlin),2025-11-12 10:22:47.569398,Dämeritzsee,In-situ measurement
pferdepfuhl,52.57723927768913,13.480945973787184,pond,0.0245,OSM waterbodies (Berlin),2025-11-12 10:22:47.569398,Dämeritzsee,In-situ measurement
museumspfuhl,52.563288360893914,13.53447555999204,pond,0.2708,OSM waterbodies (Berlin),2025-11-12 10:22:47.569398,Dämeritzsee,In-situ measurement
versunkener see,52.42794063753413,13.721509044909231,pond,1.4832,OSM waterbodies (Berlin),2025-11-12 10:22:47.569398,Dämeritzsee,In-situ measurement
ohne name,52.43296948172681,13.285185957561811,pond,0.0028,OSM waterbodies (Berlin),2025-11-12 10:22:47.569398,Dämeritzsee,In-situ measurement
friedhofsteich,52.42642388738775,13.205465764294413,pond,0.0038,OSM waterbodies (Berlin),2025-11-12 10:22:47.569398,Dämeritzsee,In-situ measurement
duck’s pond,52.542785215042656,13.28284697174778,pond,0.0001,OSM waterbodies (Berlin),2025-11-12 10:22:47.569398,Dämeritzsee,In-situ measurement
kranichpfuhl,52.58926599802063,13.33245358375964,pond,0.0696,OSM waterbodies (Berlin),2025-11-12 10:22:47.569398,Dämeritzsee,In-situ measurement
